0,1,2
Node0x5646b3e9fdf0,ValPN,0
Node0x5646b3f0b970,DummyValPN,1
Node0x5646b3f0b3d0,ValPN,4
Node0x5646b3ea6210,FIObjPN,5
Node0x5646b3e93ff0,ValPN,7
Node0x5646b3ec3e50,ValPN,8
Node0x5646b3e9a5e0,ValPN,9
Node0x5646b3f09e00,ValPN,10
Node0x5646b3e93bd0,ValPN,14
Node0x5646b3efca90,FIObjPN,15
Node0x5646b3ebfaa0,ValPN,17
Node0x5646b3efcf30,FIObjPN,18
Node0x5646b3ed9500,ValPN,20
Node0x5646b3e9b170,FIObjPN,21
Node0x5646b3e98ea0,ValPN,22
Node0x5646b3eabf70,FIObjPN,23
Node0x5646b3eae680,ValPN,24
Node0x5646b3ed8f10,FIObjPN,25
